"uid.rawFiles","setDate","processedDate.rawFiles","sequencerRunID","dnaSampleID","internalLabID","rawDataFileName","rawDataFilePath","rawDataFileDescription","remarks.rawFiles","dataQF.rawFiles","publicationDate.rawFiles","uid.seq","domainID","siteID","plotID","namedLocation","laboratoryName","sequencingFacilityID","collectDate","processedDate.seq","dnaSampleCode","testProtocolVersion.seq","linkerPrimerSequence","reverseLinkerPrimerSequence","barcodeSequence","sequencingMethod","instrument_model","illuminaAdapterKit","illuminaIndex1","illuminaIndex2","sequencingConcentration","qaqcStatus.seq","sampleTotalReadNumber","sampleFilteredReadNumber","minFilteredReadLength","maxFilteredReadLength","averageFilteredReadQuality","library_strategy","library_source","library_selection","library_layout","ncbiProjectID","processedSeqFileName","analysisCodeFileName","processedBy.seq","remarks.seq","dataQF.seq","publicationDate.seq","targetGene","uid.dna","processedDate.dna","geneticSampleID","deprecatedVialID","sequenceAnalysisType","testProtocolVersion.dna","sampleMaterial","sampleMass","nucleicAcidConcentration","nucleicAcidPurity","nucleicAcidQuantMethod","dnaPooledStatus","qaqcStatus.dna","processedBy.dna","remarks.dna","dataQF.dna","publicationDate.dna","uid.pcr","processedDate.pcr","testProtocolVersion.pcr","forwardPrimer","reversePrimer","ampliconConcentration","targetSubfragment","qaqcStatus.pcr","processedBy.pcr","remarks.pcr","dataQF.pcr","publicationDate.pcr"
"104c0180-0670-4a8e-bdfc-0bbf9388fcf9",2018-03-06 17:48:00,2020-03-28,"C5DB5","CLBJ_040-M-26-3-20180306-GEN-DNA2","BMI_Plate77WellE11","BMI_Plate77WellE11_ITS_C5DB5_R2.fastq.gz","https://neon-microbial-raw-seq-files.s3.data.neonscience.org/2018/BMI_C5DB5_ITS_R2/BMI_Plate77WellE11_ITS_C5DB5_R2.fastq.gz","R2 archive of fastq files",NA,NA,"20200407T135659Z","60ba2538-c4d1-42b4-90b8-b89314f3f6ff","D11","CLBJ","CLBJ_040","CLBJ_040.basePlot.bgc","Battelle Applied Genomics","Battelle Memorial Institute",2018-03-06 17:48:00,2018-12-07,NA,"BMI_markerGeneSequencingSOP_v2",NA,NA,NA,"Illumina","Illumina MiSeq","Nextera XT Index Kit v2","GCTCATGA","AAGGAGTA",0.2,"Pass",19597,11968,75,283,35.5,"AMPLICON","GENOMIC","PCR","paired","PRJNA393362","BMI_Plate77WellE11_ITS_fastq.tar.gz","lOTUs.sh","hZbYwvE98vCxamVgcSc36Q==",NA,NA,"20200407T135659Z","ITS","f543c0da-6dab-4d19-94d8-a7ed9b32f3c0",2018-11-07,"CLBJ_040-M-26-3-20180306-GEN",NA,"marker gene","BMI_dnaExtractionSOP_v1","soil",0.25,14,NA,"Quantus","N","Pass","vMLbKuU6fpEETMu6NU7Hlg==",NA,NA,"20200407T135659Z","78293b91-8fbb-471d-a8a1-85213b84c703",2018-11-30,"BMI_PcrSOP_v1","CTTGGTCATTTAGAGGAAGTAA","GCTGCGTTCTTCATCGATGC",0.3,"ITS1-2","Pass","vMLbKuU6fpEPi1m0ln3TkA==",NA,NA,"20200407T135659Z"
"93858c75-218d-4490-86a5-d0bd5cfc7616",2018-03-06 17:48:00,2020-03-28,"C5DB5","CLBJ_040-M-26-3-20180306-GEN-DNA2","BMI_Plate77WellE11","BMI_Plate77WellE11_ITS_C5DB5_R1.fastq.gz","https://neon-microbial-raw-seq-files.s3.data.neonscience.org/2018/BMI_C5DB5_ITS_R1/BMI_Plate77WellE11_ITS_C5DB5_R1.fastq.gz","R1 archive of fastq files",NA,NA,"20200407T135659Z","60ba2538-c4d1-42b4-90b8-b89314f3f6ff","D11","CLBJ","CLBJ_040","CLBJ_040.basePlot.bgc","Battelle Applied Genomics","Battelle Memorial Institute",2018-03-06 17:48:00,2018-12-07,NA,"BMI_markerGeneSequencingSOP_v2",NA,NA,NA,"Illumina","Illumina MiSeq","Nextera XT Index Kit v2","GCTCATGA","AAGGAGTA",0.2,"Pass",19597,11968,75,283,35.5,"AMPLICON","GENOMIC","PCR","paired","PRJNA393362","BMI_Plate77WellE11_ITS_fastq.tar.gz","lOTUs.sh","hZbYwvE98vCxamVgcSc36Q==",NA,NA,"20200407T135659Z","ITS","f543c0da-6dab-4d19-94d8-a7ed9b32f3c0",2018-11-07,"CLBJ_040-M-26-3-20180306-GEN",NA,"marker gene","BMI_dnaExtractionSOP_v1","soil",0.25,14,NA,"Quantus","N","Pass","vMLbKuU6fpEETMu6NU7Hlg==",NA,NA,"20200407T135659Z","78293b91-8fbb-471d-a8a1-85213b84c703",2018-11-30,"BMI_PcrSOP_v1","CTTGGTCATTTAGAGGAAGTAA","GCTGCGTTCTTCATCGATGC",0.3,"ITS1-2","Pass","vMLbKuU6fpEPi1m0ln3TkA==",NA,NA,"20200407T135659Z"
"ad1b8d74-4ca1-4a92-870b-e5448a774ed8",2018-03-06 18:22:00,2020-03-28,"C5DB5","CLBJ_040-M-14.5-7.5-20180306-GEN-DNA2","BMI_Plate77WellE8","BMI_Plate77WellE8_ITS_C5DB5_R2.fastq.gz","https://neon-microbial-raw-seq-files.s3.data.neonscience.org/2018/BMI_C5DB5_ITS_R2/BMI_Plate77WellE8_ITS_C5DB5_R2.fastq.gz","R2 archive of fastq files",NA,NA,"20200407T135659Z","5e7ff431-aa92-45d5-b5db-f2604e16e674","D11","CLBJ","CLBJ_040","CLBJ_040.basePlot.bgc","Battelle Applied Genomics","Battelle Memorial Institute",2018-03-06 18:22:00,2018-12-07,NA,"BMI_markerGeneSequencingSOP_v2",NA,NA,NA,"Illumina","Illumina MiSeq","Nextera XT Index Kit v2","CGAGGCTG","AAGGAGTA",0.2,"Pass",17392,5745,75,337,34.9,"AMPLICON","GENOMIC","PCR","paired","PRJNA393362","BMI_Plate77WellE8_ITS_fastq.tar.gz","lOTUs.sh","hZbYwvE98vCxamVgcSc36Q==",NA,NA,"20200407T135659Z","ITS","0011c756-9140-4b91-9de0-916ec65c8a67",2018-11-07,"CLBJ_040-M-14.5-7.5-20180306-GEN",NA,"marker gene","BMI_dnaExtractionSOP_v1","soil",0.25,13,NA,"Quantus","N","Pass","vMLbKuU6fpEETMu6NU7Hlg==",NA,NA,"20200407T135659Z","73c16386-3ebc-4529-9f55-acb3385e898c",2018-11-30,"BMI_PcrSOP_v1","CTTGGTCATTTAGAGGAAGTAA","GCTGCGTTCTTCATCGATGC",0.3,"ITS1-2","Pass","vMLbKuU6fpEPi1m0ln3TkA==",NA,NA,"20200407T135659Z"
"82348939-5e45-45ab-8b54-02b3998d9cf8",2018-03-06 18:22:00,2020-03-28,"C5DB5","CLBJ_040-M-14.5-7.5-20180306-GEN-DNA2","BMI_Plate77WellE8","BMI_Plate77WellE8_ITS_C5DB5_R1.fastq.gz","https://neon-microbial-raw-seq-files.s3.data.neonscience.org/2018/BMI_C5DB5_ITS_R1/BMI_Plate77WellE8_ITS_C5DB5_R1.fastq.gz","R1 archive of fastq files",NA,NA,"20200407T135659Z","5e7ff431-aa92-45d5-b5db-f2604e16e674","D11","CLBJ","CLBJ_040","CLBJ_040.basePlot.bgc","Battelle Applied Genomics","Battelle Memorial Institute",2018-03-06 18:22:00,2018-12-07,NA,"BMI_markerGeneSequencingSOP_v2",NA,NA,NA,"Illumina","Illumina MiSeq","Nextera XT Index Kit v2","CGAGGCTG","AAGGAGTA",0.2,"Pass",17392,5745,75,337,34.9,"AMPLICON","GENOMIC","PCR","paired","PRJNA393362","BMI_Plate77WellE8_ITS_fastq.tar.gz","lOTUs.sh","hZbYwvE98vCxamVgcSc36Q==",NA,NA,"20200407T135659Z","ITS","0011c756-9140-4b91-9de0-916ec65c8a67",2018-11-07,"CLBJ_040-M-14.5-7.5-20180306-GEN",NA,"marker gene","BMI_dnaExtractionSOP_v1","soil",0.25,13,NA,"Quantus","N","Pass","vMLbKuU6fpEETMu6NU7Hlg==",NA,NA,"20200407T135659Z","73c16386-3ebc-4529-9f55-acb3385e898c",2018-11-30,"BMI_PcrSOP_v1","CTTGGTCATTTAGAGGAAGTAA","GCTGCGTTCTTCATCGATGC",0.3,"ITS1-2","Pass","vMLbKuU6fpEPi1m0ln3TkA==",NA,NA,"20200407T135659Z"
"2263e5eb-8bdf-477b-8e12-0e9294529fcf",2018-03-06 20:48:00,2020-03-28,"C5DB5","CLBJ_038-M-9-28-20180306-GEN-DNA2","BMI_Plate77WellE7","BMI_Plate77WellE7_ITS_C5DB5_R1.fastq.gz","https://neon-microbial-raw-seq-files.s3.data.neonscience.org/2018/BMI_C5DB5_ITS_R1/BMI_Plate77WellE7_ITS_C5DB5_R1.fastq.gz","R1 archive of fastq files",NA,NA,"20200407T135659Z","5859b28c-ef69-415d-aad4-abcd7b3cf5e2","D11","CLBJ","CLBJ_038","CLBJ_038.basePlot.bgc","Battelle Applied Genomics","Battelle Memorial Institute",2018-03-06 20:48:00,2018-12-07,NA,"BMI_markerGeneSequencingSOP_v2",NA,NA,NA,"Illumina","Illumina MiSeq","Nextera XT Index Kit v2","CTCTCTAC","AAGGAGTA",0.2,"Pass",12903,3385,75,600,35.1,"AMPLICON","GENOMIC","PCR","paired","PRJNA393362","BMI_Plate77WellE7_ITS_fastq.tar.gz","lOTUs.sh","hZbYwvE98vCxamVgcSc36Q==",NA,NA,"20200407T135659Z","ITS","d6267cef-1700-46e1-9ded-f4dbb693a680",2018-11-07,"CLBJ_038-M-9-28-20180306-GEN",NA,"marker gene","BMI_dnaExtractionSOP_v1","soil",0.25,3,NA,"Quantus","N","Pass","vMLbKuU6fpEETMu6NU7Hlg==",NA,NA,"20200407T135659Z","78b17c4a-ffb3-407f-bb5c-9d3abf8807f5",2018-11-30,"BMI_PcrSOP_v1","CTTGGTCATTTAGAGGAAGTAA","GCTGCGTTCTTCATCGATGC",0.3,"ITS1-2","Pass","vMLbKuU6fpEPi1m0ln3TkA==",NA,NA,"20200407T135659Z"
"b572a048-e243-4796-89d8-8d896a18199f",2018-03-06 20:48:00,2020-03-28,"C5DB5","CLBJ_038-M-9-28-20180306-GEN-DNA2","BMI_Plate77WellE7","BMI_Plate77WellE7_ITS_C5DB5_R2.fastq.gz","https://neon-microbial-raw-seq-files.s3.data.neonscience.org/2018/BMI_C5DB5_ITS_R2/BMI_Plate77WellE7_ITS_C5DB5_R2.fastq.gz","R2 archive of fastq files",NA,NA,"20200407T135659Z","5859b28c-ef69-415d-aad4-abcd7b3cf5e2","D11","CLBJ","CLBJ_038","CLBJ_038.basePlot.bgc","Battelle Applied Genomics","Battelle Memorial Institute",2018-03-06 20:48:00,2018-12-07,NA,"BMI_markerGeneSequencingSOP_v2",NA,NA,NA,"Illumina","Illumina MiSeq","Nextera XT Index Kit v2","CTCTCTAC","AAGGAGTA",0.2,"Pass",12903,3385,75,600,35.1,"AMPLICON","GENOMIC","PCR","paired","PRJNA393362","BMI_Plate77WellE7_ITS_fastq.tar.gz","lOTUs.sh","hZbYwvE98vCxamVgcSc36Q==",NA,NA,"20200407T135659Z","ITS","d6267cef-1700-46e1-9ded-f4dbb693a680",2018-11-07,"CLBJ_038-M-9-28-20180306-GEN",NA,"marker gene","BMI_dnaExtractionSOP_v1","soil",0.25,3,NA,"Quantus","N","Pass","vMLbKuU6fpEETMu6NU7Hlg==",NA,NA,"20200407T135659Z","78b17c4a-ffb3-407f-bb5c-9d3abf8807f5",2018-11-30,"BMI_PcrSOP_v1","CTTGGTCATTTAGAGGAAGTAA","GCTGCGTTCTTCATCGATGC",0.3,"ITS1-2","Pass","vMLbKuU6fpEPi1m0ln3TkA==",NA,NA,"20200407T135659Z"
"3a73841b-2b33-483a-8f13-dd57d4feef5d",2018-03-07 15:32:00,2020-03-28,"C5DB5","CLBJ_001-M-0.5-32-20180307-GEN-DNA2","BMI_Plate77WellA2","BMI_Plate77WellA2_ITS_C5DB5_R1.fastq.gz","https://neon-microbial-raw-seq-files.s3.data.neonscience.org/2018/BMI_C5DB5_ITS_R1/BMI_Plate77WellA2_ITS_C5DB5_R1.fastq.gz","R1 archive of fastq files",NA,NA,"20200407T135659Z","0bd13ccf-3d4a-49f9-b576-70dc7e8b5d56","D11","CLBJ","CLBJ_001","CLBJ_001.basePlot.bgc","Battelle Applied Genomics","Battelle Memorial Institute",2018-03-07 15:32:00,2018-12-07,NA,"BMI_markerGeneSequencingSOP_v2",NA,NA,NA,"Illumina","Illumina MiSeq","Nextera XT Index Kit v2","CGTACTAG","CTCTCTAT",0.2,"Pass",7971,3748,78,367,35.4,"AMPLICON","GENOMIC","PCR","paired","PRJNA393362","BMI_Plate77WellA2_ITS_fastq.tar.gz","lOTUs.sh","hZbYwvE98vCxamVgcSc36Q==",NA,NA,"20200407T135659Z","ITS","12931ffb-16e7-49ee-aecf-4dec7bd8ccd7",2018-11-07,"CLBJ_001-M-0.5-32-20180307-GEN",NA,"marker gene","BMI_dnaExtractionSOP_v1","soil",0.25,14,NA,"Quantus","N","Pass","vMLbKuU6fpEETMu6NU7Hlg==",NA,NA,"20200407T135659Z","682cf573-7953-4106-962d-148609fd8cc6",2018-11-30,"BMI_PcrSOP_v1","CTTGGTCATTTAGAGGAAGTAA","GCTGCGTTCTTCATCGATGC",0.3,"ITS1-2","Pass","vMLbKuU6fpEPi1m0ln3TkA==",NA,NA,"20200407T135659Z"
"ef0d1291-301f-4b52-bfab-0f18464177db",2018-03-07 15:32:00,2020-03-28,"C5DB5","CLBJ_001-M-0.5-32-20180307-GEN-DNA2","BMI_Plate77WellA2","BMI_Plate77WellA2_ITS_C5DB5_R2.fastq.gz","https://neon-microbial-raw-seq-files.s3.data.neonscience.org/2018/BMI_C5DB5_ITS_R2/BMI_Plate77WellA2_ITS_C5DB5_R2.fastq.gz","R2 archive of fastq files",NA,NA,"20200407T135659Z","0bd13ccf-3d4a-49f9-b576-70dc7e8b5d56","D11","CLBJ","CLBJ_001","CLBJ_001.basePlot.bgc","Battelle Applied Genomics","Battelle Memorial Institute",2018-03-07 15:32:00,2018-12-07,NA,"BMI_markerGeneSequencingSOP_v2",NA,NA,NA,"Illumina","Illumina MiSeq","Nextera XT Index Kit v2","CGTACTAG","CTCTCTAT",0.2,"Pass",7971,3748,78,367,35.4,"AMPLICON","GENOMIC","PCR","paired","PRJNA393362","BMI_Plate77WellA2_ITS_fastq.tar.gz","lOTUs.sh","hZbYwvE98vCxamVgcSc36Q==",NA,NA,"20200407T135659Z","ITS","12931ffb-16e7-49ee-aecf-4dec7bd8ccd7",2018-11-07,"CLBJ_001-M-0.5-32-20180307-GEN",NA,"marker gene","BMI_dnaExtractionSOP_v1","soil",0.25,14,NA,"Quantus","N","Pass","vMLbKuU6fpEETMu6NU7Hlg==",NA,NA,"20200407T135659Z","682cf573-7953-4106-962d-148609fd8cc6",2018-11-30,"BMI_PcrSOP_v1","CTTGGTCATTTAGAGGAAGTAA","GCTGCGTTCTTCATCGATGC",0.3,"ITS1-2","Pass","vMLbKuU6fpEPi1m0ln3TkA==",NA,NA,"20200407T135659Z"
"ea74f6e4-32fe-4ddb-88d2-b1dbd3ce585f",2018-03-07 16:19:00,2020-03-28,"C5DB5","CLBJ_001-M-35-14.5-20180307-GEN-DNA2","BMI_Plate77WellA6","BMI_Plate77WellA6_ITS_C5DB5_R1.fastq.gz","https://neon-microbial-raw-seq-files.s3.data.neonscience.org/2018/BMI_C5DB5_ITS_R1/BMI_Plate77WellA6_ITS_C5DB5_R1.fastq.gz","R1 archive of fastq files",NA,NA,"20200407T135659Z","0848733a-c677-4059-a2f8-7c1403e59323","D11","CLBJ","CLBJ_001","CLBJ_001.basePlot.bgc","Battelle Applied Genomics","Battelle Memorial Institute",2018-03-07 16:19:00,2018-12-07,NA,"BMI_markerGeneSequencingSOP_v2",NA,NA,NA,"Illumina","Illumina MiSeq","Nextera XT Index Kit v2","TAGGCATG","CTCTCTAT",0.2,"Pass",7272,3130,79,316,35.4,"AMPLICON","GENOMIC","PCR","paired","PRJNA393362","BMI_Plate77WellA6_ITS_fastq.tar.gz","lOTUs.sh","hZbYwvE98vCxamVgcSc36Q==",NA,NA,"20200407T135659Z","ITS","15929241-0bc0-4684-bbaf-a6978f1cc5a2",2018-11-07,"CLBJ_001-M-35-14.5-20180307-GEN",NA,"marker gene","BMI_dnaExtractionSOP_v1","soil",0.25,6.9,NA,"Quantus","N","Pass","vMLbKuU6fpEETMu6NU7Hlg==",NA,NA,"20200407T135659Z","be20c1f2-d86f-4940-b45c-ab48cbe8acb3",2018-11-30,"BMI_PcrSOP_v1","CTTGGTCATTTAGAGGAAGTAA","GCTGCGTTCTTCATCGATGC",0.3,"ITS1-2","Pass","vMLbKuU6fpEPi1m0ln3TkA==",NA,NA,"20200407T135659Z"
"36a3e426-da24-4ca8-bbf1-7abcf532de0c",2018-03-07 16:19:00,2020-03-28,"C5DB5","CLBJ_001-M-35-14.5-20180307-GEN-DNA2","BMI_Plate77WellA6","BMI_Plate77WellA6_ITS_C5DB5_R2.fastq.gz","https://neon-microbial-raw-seq-files.s3.data.neonscience.org/2018/BMI_C5DB5_ITS_R2/BMI_Plate77WellA6_ITS_C5DB5_R2.fastq.gz","R2 archive of fastq files",NA,NA,"20200407T135659Z","0848733a-c677-4059-a2f8-7c1403e59323","D11","CLBJ","CLBJ_001","CLBJ_001.basePlot.bgc","Battelle Applied Genomics","Battelle Memorial Institute",2018-03-07 16:19:00,2018-12-07,NA,"BMI_markerGeneSequencingSOP_v2",NA,NA,NA,"Illumina","Illumina MiSeq","Nextera XT Index Kit v2","TAGGCATG","CTCTCTAT",0.2,"Pass",7272,3130,79,316,35.4,"AMPLICON","GENOMIC","PCR","paired","PRJNA393362","BMI_Plate77WellA6_ITS_fastq.tar.gz","lOTUs.sh","hZbYwvE98vCxamVgcSc36Q==",NA,NA,"20200407T135659Z","ITS","15929241-0bc0-4684-bbaf-a6978f1cc5a2",2018-11-07,"CLBJ_001-M-35-14.5-20180307-GEN",NA,"marker gene","BMI_dnaExtractionSOP_v1","soil",0.25,6.9,NA,"Quantus","N","Pass","vMLbKuU6fpEETMu6NU7Hlg==",NA,NA,"20200407T135659Z","be20c1f2-d86f-4940-b45c-ab48cbe8acb3",2018-11-30,"BMI_PcrSOP_v1","CTTGGTCATTTAGAGGAAGTAA","GCTGCGTTCTTCATCGATGC",0.3,"ITS1-2","Pass","vMLbKuU6fpEPi1m0ln3TkA==",NA,NA,"20200407T135659Z"
"8f5f7769-4f71-44cb-b167-7d56526cdba8",2018-03-07 18:04:00,2020-03-28,"C5DB5","CLBJ_006-M-38.5-19-20180307-GEN-DNA2","BMI_Plate77WellB12","BMI_Plate77WellB12_ITS_C5DB5_R1.fastq.gz","https://neon-microbial-raw-seq-files.s3.data.neonscience.org/2018/BMI_C5DB5_ITS_R1/BMI_Plate77WellB12_ITS_C5DB5_R1.fastq.gz","R1 archive of fastq files",NA,NA,"20200407T135659Z","913f2e01-6944-4408-8959-82ff703968b9","D11","CLBJ","CLBJ_006","CLBJ_006.basePlot.bgc","Battelle Applied Genomics","Battelle Memorial Institute",2018-03-07 18:04:00,2018-12-07,NA,"BMI_markerGeneSequencingSOP_v2",NA,NA,NA,"Illumina","Illumina MiSeq","Nextera XT Index Kit v2","ATCTCAGG","TATCCTCT",0.2,"Pass",26660,16050,75,301,35.5,"AMPLICON","GENOMIC","PCR","paired","PRJNA393362","BMI_Plate77WellB12_ITS_fastq.tar.gz","lOTUs.sh","hZbYwvE98vCxamVgcSc36Q==",NA,NA,"20200407T135659Z","ITS","0ee9f35c-8191-4d81-bbc9-23d634a0a637",2018-11-07,"CLBJ_006-M-38.5-19-20180307-GEN",NA,"marker gene","BMI_dnaExtractionSOP_v1","soil",0.25,11,NA,"Quantus","N","Pass","vMLbKuU6fpEETMu6NU7Hlg==",NA,NA,"20200407T135659Z","49f55cba-56b1-440a-80c9-d6065b96615d",2018-11-30,"BMI_PcrSOP_v1","CTTGGTCATTTAGAGGAAGTAA","GCTGCGTTCTTCATCGATGC",0.3,"ITS1-2","Pass","vMLbKuU6fpEPi1m0ln3TkA==",NA,NA,"20200407T135659Z"
"8ac775d9-da87-4198-96aa-8841da9edfc0",2018-03-07 18:04:00,2020-03-28,"C5DB5","CLBJ_006-M-38.5-19-20180307-GEN-DNA2","BMI_Plate77WellB12","BMI_Plate77WellB12_ITS_C5DB5_R2.fastq.gz","https://neon-microbial-raw-seq-files.s3.data.neonscience.org/2018/BMI_C5DB5_ITS_R2/BMI_Plate77WellB12_ITS_C5DB5_R2.fastq.gz","R2 archive of fastq files",NA,NA,"20200407T135659Z","913f2e01-6944-4408-8959-82ff703968b9","D11","CLBJ","CLBJ_006","CLBJ_006.basePlot.bgc","Battelle Applied Genomics","Battelle Memorial Institute",2018-03-07 18:04:00,2018-12-07,NA,"BMI_markerGeneSequencingSOP_v2",NA,NA,NA,"Illumina","Illumina MiSeq","Nextera XT Index Kit v2","ATCTCAGG","TATCCTCT",0.2,"Pass",26660,16050,75,301,35.5,"AMPLICON","GENOMIC","PCR","paired","PRJNA393362","BMI_Plate77WellB12_ITS_fastq.tar.gz","lOTUs.sh","hZbYwvE98vCxamVgcSc36Q==",NA,NA,"20200407T135659Z","ITS","0ee9f35c-8191-4d81-bbc9-23d634a0a637",2018-11-07,"CLBJ_006-M-38.5-19-20180307-GEN",NA,"marker gene","BMI_dnaExtractionSOP_v1","soil",0.25,11,NA,"Quantus","N","Pass","vMLbKuU6fpEETMu6NU7Hlg==",NA,NA,"20200407T135659Z","49f55cba-56b1-440a-80c9-d6065b96615d",2018-11-30,"BMI_PcrSOP_v1","CTTGGTCATTTAGAGGAAGTAA","GCTGCGTTCTTCATCGATGC",0.3,"ITS1-2","Pass","vMLbKuU6fpEPi1m0ln3TkA==",NA,NA,"20200407T135659Z"
"208fca36-aa1c-4cbc-9984-50bc0f12248e",2018-03-08 15:52:00,2020-03-28,"C5DB5","CLBJ_002-M-22.5-9.5-20180308-GEN-DNA2","BMI_Plate77WellA9","BMI_Plate77WellA9_ITS_C5DB5_R2.fastq.gz","https://neon-microbial-raw-seq-files.s3.data.neonscience.org/2018/BMI_C5DB5_ITS_R2/BMI_Plate77WellA9_ITS_C5DB5_R2.fastq.gz","R2 archive of fastq files",NA,NA,"20200407T135659Z","b6b55d91-5d98-45a5-8975-87f4f56ff695","D11","CLBJ","CLBJ_002","CLBJ_002.basePlot.bgc","Battelle Applied Genomics","Battelle Memorial Institute",2018-03-08 15:52:00,2018-12-07,NA,"BMI_markerGeneSequencingSOP_v2",NA,NA,NA,"Illumina","Illumina MiSeq","Nextera XT Index Kit v2","AAGAGGCA","CTCTCTAT",0.2,"Pass",16354,8316,76,600,35.5,"AMPLICON","GENOMIC","PCR","paired","PRJNA393362","BMI_Plate77WellA9_ITS_fastq.tar.gz","lOTUs.sh","hZbYwvE98vCxamVgcSc36Q==",NA,NA,"20200407T135659Z","ITS","1a22ed18-7b63-467f-ba81-943d6af878a9",2018-11-07,"CLBJ_002-M-22.5-9.5-20180308-GEN",NA,"marker gene","BMI_dnaExtractionSOP_v1","soil",0.25,11,NA,"Quantus","N","Pass","vMLbKuU6fpEETMu6NU7Hlg==",NA,NA,"20200407T135659Z","b79bcaa2-c389-4ebb-9d9b-1d668a828065",2018-11-30,"BMI_PcrSOP_v1","CTTGGTCATTTAGAGGAAGTAA","GCTGCGTTCTTCATCGATGC",0.3,"ITS1-2","Pass","vMLbKuU6fpEPi1m0ln3TkA==",NA,NA,"20200407T135659Z"
"45bfdf76-c28b-4f86-8de1-d93d4273b27a",2018-03-08 15:52:00,2020-03-28,"C5DB5","CLBJ_002-M-22.5-9.5-20180308-GEN-DNA2","BMI_Plate77WellA9","BMI_Plate77WellA9_ITS_C5DB5_R1.fastq.gz","https://neon-microbial-raw-seq-files.s3.data.neonscience.org/2018/BMI_C5DB5_ITS_R1/BMI_Plate77WellA9_ITS_C5DB5_R1.fastq.gz","R1 archive of fastq files",NA,NA,"20200407T135659Z","b6b55d91-5d98-45a5-8975-87f4f56ff695","D11","CLBJ","CLBJ_002","CLBJ_002.basePlot.bgc","Battelle Applied Genomics","Battelle Memorial Institute",2018-03-08 15:52:00,2018-12-07,NA,"BMI_markerGeneSequencingSOP_v2",NA,NA,NA,"Illumina","Illumina MiSeq","Nextera XT Index Kit v2","AAGAGGCA","CTCTCTAT",0.2,"Pass",16354,8316,76,600,35.5,"AMPLICON","GENOMIC","PCR","paired","PRJNA393362","BMI_Plate77WellA9_ITS_fastq.tar.gz","lOTUs.sh","hZbYwvE98vCxamVgcSc36Q==",NA,NA,"20200407T135659Z","ITS","1a22ed18-7b63-467f-ba81-943d6af878a9",2018-11-07,"CLBJ_002-M-22.5-9.5-20180308-GEN",NA,"marker gene","BMI_dnaExtractionSOP_v1","soil",0.25,11,NA,"Quantus","N","Pass","vMLbKuU6fpEETMu6NU7Hlg==",NA,NA,"20200407T135659Z","b79bcaa2-c389-4ebb-9d9b-1d668a828065",2018-11-30,"BMI_PcrSOP_v1","CTTGGTCATTTAGAGGAAGTAA","GCTGCGTTCTTCATCGATGC",0.3,"ITS1-2","Pass","vMLbKuU6fpEPi1m0ln3TkA==",NA,NA,"20200407T135659Z"
"ab9de42c-df8d-4fe1-b4a8-055b76921174",2018-03-08 16:13:00,2020-03-28,"C5DB5","CLBJ_002-M-25-37.5-20180308-GEN-DNA2","BMI_Plate77WellA10","BMI_Plate77WellA10_ITS_C5DB5_R2.fastq.gz","https://neon-microbial-raw-seq-files.s3.data.neonscience.org/2018/BMI_C5DB5_ITS_R2/BMI_Plate77WellA10_ITS_C5DB5_R2.fastq.gz","R2 archive of fastq files",NA,NA,"20200407T135659Z","9faeffda-291b-4165-9b2a-eb10aba045aa","D11","CLBJ","CLBJ_002","CLBJ_002.basePlot.bgc","Battelle Applied Genomics","Battelle Memorial Institute",2018-03-08 16:13:00,2018-12-07,NA,"BMI_markerGeneSequencingSOP_v2",NA,NA,NA,"Illumina","Illumina MiSeq","Nextera XT Index Kit v2","GTAGAGGA","CTCTCTAT",0.2,"Pass",24707,13816,75,303,35.4,"AMPLICON","GENOMIC","PCR","paired","PRJNA393362","BMI_Plate77WellA10_ITS_fastq.tar.gz","lOTUs.sh","hZbYwvE98vCxamVgcSc36Q==",NA,NA,"20200407T135659Z","ITS","0def5d05-6092-47a6-9662-461a9e69c35a",2018-11-07,"CLBJ_002-M-25-37.5-20180308-GEN",NA,"marker gene","BMI_dnaExtractionSOP_v1","soil",0.25,10,NA,"Quantus","N","Pass","vMLbKuU6fpEETMu6NU7Hlg==",NA,NA,"20200407T135659Z","d2a24fd4-4bae-498c-a390-6d55fb82ab1a",2018-11-30,"BMI_PcrSOP_v1","CTTGGTCATTTAGAGGAAGTAA","GCTGCGTTCTTCATCGATGC",0.3,"ITS1-2","Pass","vMLbKuU6fpEPi1m0ln3TkA==",NA,NA,"20200407T135659Z"
"c51b81a3-8eac-47d8-92b7-298ac19a17b5",2018-03-08 16:13:00,2020-03-28,"C5DB5","CLBJ_002-M-25-37.5-20180308-GEN-DNA2","BMI_Plate77WellA10","BMI_Plate77WellA10_ITS_C5DB5_R1.fastq.gz","https://neon-microbial-raw-seq-files.s3.data.neonscience.org/2018/BMI_C5DB5_ITS_R1/BMI_Plate77WellA10_ITS_C5DB5_R1.fastq.gz","R1 archive of fastq files",NA,NA,"20200407T135659Z","9faeffda-291b-4165-9b2a-eb10aba045aa","D11","CLBJ","CLBJ_002","CLBJ_002.basePlot.bgc","Battelle Applied Genomics","Battelle Memorial Institute",2018-03-08 16:13:00,2018-12-07,NA,"BMI_markerGeneSequencingSOP_v2",NA,NA,NA,"Illumina","Illumina MiSeq","Nextera XT Index Kit v2","GTAGAGGA","CTCTCTAT",0.2,"Pass",24707,13816,75,303,35.4,"AMPLICON","GENOMIC","PCR","paired","PRJNA393362","BMI_Plate77WellA10_ITS_fastq.tar.gz","lOTUs.sh","hZbYwvE98vCxamVgcSc36Q==",NA,NA,"20200407T135659Z","ITS","0def5d05-6092-47a6-9662-461a9e69c35a",2018-11-07,"CLBJ_002-M-25-37.5-20180308-GEN",NA,"marker gene","BMI_dnaExtractionSOP_v1","soil",0.25,10,NA,"Quantus","N","Pass","vMLbKuU6fpEETMu6NU7Hlg==",NA,NA,"20200407T135659Z","d2a24fd4-4bae-498c-a390-6d55fb82ab1a",2018-11-30,"BMI_PcrSOP_v1","CTTGGTCATTTAGAGGAAGTAA","GCTGCGTTCTTCATCGATGC",0.3,"ITS1-2","Pass","vMLbKuU6fpEPi1m0ln3TkA==",NA,NA,"20200407T135659Z"
"3497ee86-3de9-4603-80e1-2b5f9475c909",2018-03-08 17:07:00,2020-03-28,"C5DB5","CLBJ_003-M-28.5-37.5-20180308-GEN-DNA2","BMI_Plate77WellB3","BMI_Plate77WellB3_ITS_C5DB5_R1.fastq.gz","https://neon-microbial-raw-seq-files.s3.data.neonscience.org/2018/BMI_C5DB5_ITS_R1/BMI_Plate77WellB3_ITS_C5DB5_R1.fastq.gz","R1 archive of fastq files",NA,NA,"20200407T135659Z","bc804086-cadc-4c44-89f8-3d5a574167cb","D11","CLBJ","CLBJ_003","CLBJ_003.basePlot.bgc","Battelle Applied Genomics","Battelle Memorial Institute",2018-03-08 17:07:00,2018-12-07,NA,"BMI_markerGeneSequencingSOP_v2",NA,NA,NA,"Illumina","Illumina MiSeq","Nextera XT Index Kit v2","AGGCAGAA","TATCCTCT",0.2,"Pass",33836,21053,77,284,35.4,"AMPLICON","GENOMIC","PCR","paired","PRJNA393362","BMI_Plate77WellB3_ITS_fastq.tar.gz","lOTUs.sh","hZbYwvE98vCxamVgcSc36Q==",NA,NA,"20200407T135659Z","ITS","8ec7ce8d-64d3-46c4-a1d8-58a418ad23ee",2018-11-07,"CLBJ_003-M-28.5-37.5-20180308-GEN",NA,"marker gene","BMI_dnaExtractionSOP_v1","soil",0.25,43,NA,"Quantus","N","Pass","vMLbKuU6fpEETMu6NU7Hlg==",NA,NA,"20200407T135659Z","281f442a-985f-418a-96f8-9380fe271cdd",2018-11-30,"BMI_PcrSOP_v1","CTTGGTCATTTAGAGGAAGTAA","GCTGCGTTCTTCATCGATGC",0.3,"ITS1-2","Pass","vMLbKuU6fpEPi1m0ln3TkA==",NA,NA,"20200407T135659Z"
"bd23f364-77c5-4ffc-9913-58c391b00525",2018-03-08 17:07:00,2020-03-28,"C5DB5","CLBJ_003-M-28.5-37.5-20180308-GEN-DNA2","BMI_Plate77WellB3","BMI_Plate77WellB3_ITS_C5DB5_R2.fastq.gz","https://neon-microbial-raw-seq-files.s3.data.neonscience.org/2018/BMI_C5DB5_ITS_R2/BMI_Plate77WellB3_ITS_C5DB5_R2.fastq.gz","R2 archive of fastq files",NA,NA,"20200407T135659Z","bc804086-cadc-4c44-89f8-3d5a574167cb","D11","CLBJ","CLBJ_003","CLBJ_003.basePlot.bgc","Battelle Applied Genomics","Battelle Memorial Institute",2018-03-08 17:07:00,2018-12-07,NA,"BMI_markerGeneSequencingSOP_v2",NA,NA,NA,"Illumina","Illumina MiSeq","Nextera XT Index Kit v2","AGGCAGAA","TATCCTCT",0.2,"Pass",33836,21053,77,284,35.4,"AMPLICON","GENOMIC","PCR","paired","PRJNA393362","BMI_Plate77WellB3_ITS_fastq.tar.gz","lOTUs.sh","hZbYwvE98vCxamVgcSc36Q==",NA,NA,"20200407T135659Z","ITS","8ec7ce8d-64d3-46c4-a1d8-58a418ad23ee",2018-11-07,"CLBJ_003-M-28.5-37.5-20180308-GEN",NA,"marker gene","BMI_dnaExtractionSOP_v1","soil",0.25,43,NA,"Quantus","N","Pass","vMLbKuU6fpEETMu6NU7Hlg==",NA,NA,"20200407T135659Z","281f442a-985f-418a-96f8-9380fe271cdd",2018-11-30,"BMI_PcrSOP_v1","CTTGGTCATTTAGAGGAAGTAA","GCTGCGTTCTTCATCGATGC",0.3,"ITS1-2","Pass","vMLbKuU6fpEPi1m0ln3TkA==",NA,NA,"20200407T135659Z"
"2ce5771b-2bc9-43b7-91a7-bb344450cfba",2018-03-08 17:28:00,2020-03-28,"C5DB5","CLBJ_003-M-25.5-0-20180308-GEN-DNA2","BMI_Plate77WellB2","BMI_Plate77WellB2_ITS_C5DB5_R2.fastq.gz","https://neon-microbial-raw-seq-files.s3.data.neonscience.org/2018/BMI_C5DB5_ITS_R2/BMI_Plate77WellB2_ITS_C5DB5_R2.fastq.gz","R2 archive of fastq files",NA,NA,"20200407T135659Z","6673b983-9c1c-484a-b1b8-949397c79644","D11","CLBJ","CLBJ_003","CLBJ_003.basePlot.bgc","Battelle Applied Genomics","Battelle Memorial Institute",2018-03-08 17:28:00,2018-12-07,NA,"BMI_markerGeneSequencingSOP_v2",NA,NA,NA,"Illumina","Illumina MiSeq","Nextera XT Index Kit v2","CGTACTAG","TATCCTCT",0.2,"Pass",6546,3530,77,379,35.5,"AMPLICON","GENOMIC","PCR","paired","PRJNA393362","BMI_Plate77WellB2_ITS_fastq.tar.gz","lOTUs.sh","hZbYwvE98vCxamVgcSc36Q==",NA,NA,"20200407T135659Z","ITS","6681ecfa-6892-4e61-a018-569e63f163b0",2018-11-07,"CLBJ_003-M-25.5-0-20180308-GEN",NA,"marker gene","BMI_dnaExtractionSOP_v1","soil",0.25,8,NA,"Quantus","N","Pass","vMLbKuU6fpEETMu6NU7Hlg==",NA,NA,"20200407T135659Z","44f6a09e-37e6-4cad-8d01-75fd22a20de3",2018-11-30,"BMI_PcrSOP_v1","CTTGGTCATTTAGAGGAAGTAA","GCTGCGTTCTTCATCGATGC",0.3,"ITS1-2","Pass","vMLbKuU6fpEPi1m0ln3TkA==",NA,NA,"20200407T135659Z"
"bcde2487-bb99-4ee6-a4ca-e21d423f3a3f",2018-03-08 17:28:00,2020-03-28,"C5DB5","CLBJ_003-M-25.5-0-20180308-GEN-DNA2","BMI_Plate77WellB2","BMI_Plate77WellB2_ITS_C5DB5_R1.fastq.gz","https://neon-microbial-raw-seq-files.s3.data.neonscience.org/2018/BMI_C5DB5_ITS_R1/BMI_Plate77WellB2_ITS_C5DB5_R1.fastq.gz","R1 archive of fastq files",NA,NA,"20200407T135659Z","6673b983-9c1c-484a-b1b8-949397c79644","D11","CLBJ","CLBJ_003","CLBJ_003.basePlot.bgc","Battelle Applied Genomics","Battelle Memorial Institute",2018-03-08 17:28:00,2018-12-07,NA,"BMI_markerGeneSequencingSOP_v2",NA,NA,NA,"Illumina","Illumina MiSeq","Nextera XT Index Kit v2","CGTACTAG","TATCCTCT",0.2,"Pass",6546,3530,77,379,35.5,"AMPLICON","GENOMIC","PCR","paired","PRJNA393362","BMI_Plate77WellB2_ITS_fastq.tar.gz","lOTUs.sh","hZbYwvE98vCxamVgcSc36Q==",NA,NA,"20200407T135659Z","ITS","6681ecfa-6892-4e61-a018-569e63f163b0",2018-11-07,"CLBJ_003-M-25.5-0-20180308-GEN",NA,"marker gene","BMI_dnaExtractionSOP_v1","soil",0.25,8,NA,"Quantus","N","Pass","vMLbKuU6fpEETMu6NU7Hlg==",NA,NA,"20200407T135659Z","44f6a09e-37e6-4cad-8d01-75fd22a20de3",2018-11-30,"BMI_PcrSOP_v1","CTTGGTCATTTAGAGGAAGTAA","GCTGCGTTCTTCATCGATGC",0.3,"ITS1-2","Pass","vMLbKuU6fpEPi1m0ln3TkA==",NA,NA,"20200407T135659Z"
"d8345dd2-6c1e-41d0-839f-50b6bd32f8a2",2018-03-08 19:00:00,2020-03-28,"C5DB5","CLBJ_031-M-9-37.5-20180308-GEN-DNA2","BMI_Plate77WellC7","BMI_Plate77WellC7_ITS_C5DB5_R1.fastq.gz","https://neon-microbial-raw-seq-files.s3.data.neonscience.org/2018/BMI_C5DB5_ITS_R1/BMI_Plate77WellC7_ITS_C5DB5_R1.fastq.gz","R1 archive of fastq files",NA,NA,"20200407T135659Z","0e9aaa46-a223-45ee-8921-28786f83a40e","D11","CLBJ","CLBJ_031","CLBJ_031.basePlot.bgc","Battelle Applied Genomics","Battelle Memorial Institute",2018-03-08 19:00:00,2018-12-07,NA,"BMI_markerGeneSequencingSOP_v2",NA,NA,NA,"Illumina","Illumina MiSeq","Nextera XT Index Kit v2","CTCTCTAC","GTAAGGAG",0.2,"Pass",17405,9218,75,370,35.3,"AMPLICON","GENOMIC","PCR","paired","PRJNA393362","BMI_Plate77WellC7_ITS_fastq.tar.gz","lOTUs.sh","hZbYwvE98vCxamVgcSc36Q==",NA,NA,"20200407T135659Z","ITS","dc06d99c-3e70-4404-8dcc-f3de5edbed65",2018-11-07,"CLBJ_031-M-9-37.5-20180308-GEN",NA,"marker gene","BMI_dnaExtractionSOP_v1","soil",0.25,12,NA,"Quantus","N","Pass","vMLbKuU6fpEETMu6NU7Hlg==",NA,NA,"20200407T135659Z","d3903642-a0de-47e8-9a7d-93399745419d",2018-11-30,"BMI_PcrSOP_v1","CTTGGTCATTTAGAGGAAGTAA","GCTGCGTTCTTCATCGATGC",0.3,"ITS1-2","Pass","vMLbKuU6fpEPi1m0ln3TkA==",NA,NA,"20200407T135659Z"
"3b2ce6b3-ac21-492d-b5a3-ac1fe6acf506",2018-03-08 19:00:00,2020-03-28,"C5DB5","CLBJ_031-M-9-37.5-20180308-GEN-DNA2","BMI_Plate77WellC7","BMI_Plate77WellC7_ITS_C5DB5_R2.fastq.gz","https://neon-microbial-raw-seq-files.s3.data.neonscience.org/2018/BMI_C5DB5_ITS_R2/BMI_Plate77WellC7_ITS_C5DB5_R2.fastq.gz","R2 archive of fastq files",NA,NA,"20200407T135659Z","0e9aaa46-a223-45ee-8921-28786f83a40e","D11","CLBJ","CLBJ_031","CLBJ_031.basePlot.bgc","Battelle Applied Genomics","Battelle Memorial Institute",2018-03-08 19:00:00,2018-12-07,NA,"BMI_markerGeneSequencingSOP_v2",NA,NA,NA,"Illumina","Illumina MiSeq","Nextera XT Index Kit v2","CTCTCTAC","GTAAGGAG",0.2,"Pass",17405,9218,75,370,35.3,"AMPLICON","GENOMIC","PCR","paired","PRJNA393362","BMI_Plate77WellC7_ITS_fastq.tar.gz","lOTUs.sh","hZbYwvE98vCxamVgcSc36Q==",NA,NA,"20200407T135659Z","ITS","dc06d99c-3e70-4404-8dcc-f3de5edbed65",2018-11-07,"CLBJ_031-M-9-37.5-20180308-GEN",NA,"marker gene","BMI_dnaExtractionSOP_v1","soil",0.25,12,NA,"Quantus","N","Pass","vMLbKuU6fpEETMu6NU7Hlg==",NA,NA,"20200407T135659Z","d3903642-a0de-47e8-9a7d-93399745419d",2018-11-30,"BMI_PcrSOP_v1","CTTGGTCATTTAGAGGAAGTAA","GCTGCGTTCTTCATCGATGC",0.3,"ITS1-2","Pass","vMLbKuU6fpEPi1m0ln3TkA==",NA,NA,"20200407T135659Z"
